{
  "method": "quantile_clip",
  "lo_q": 0.01,
  "hi_q": 0.99,
  "lo": [
    0.10348418354988098,
    0.09749316424131393,
    0.1718626618385315,
    0.23736384510993958,
    0.08348578214645386,
    0.01787760481238365,
    0.02449965849518776,
    0.09400872886180878,
    0.05524163693189621,
    0.10187048465013504,
    0.12741516530513763,
    0.04710724949836731,
    0.06186812371015549,
    0.09569095820188522,
    0.11985301971435547,
    0.3111116290092468,
    0.17976254224777222,
    0.03142934292554855,
    0.0794287621974945,
    0.04489196836948395,
    0.06438331305980682,
    0.07395201176404953,
    0.12492088228464127,
    0.10953379422426224,
    0.184833362698555,
    0.23045112192630768,
    0.2937508523464203,
    0.026007667183876038,
    0.026577001437544823,
    0.03408052399754524,
    0.03962439298629761,
    0.11632533371448517,
    0.1583041250705719,
    0.029361210763454437,
    0.1815072000026703,
    0.1715405434370041,
    0.18468551337718964,
    0.18882714211940765,
    0.24457934498786926,
    0.055682145059108734,
    0.49404436349868774,
    0.303622305393219,
    0.2760271728038788,
    0.11742205917835236,
    0.19091494381427765,
    0.21944202482700348,
    0.18490757048130035,
    0.2538752555847168,
    0.27903833985328674,
    0.33982276916503906,
    0.45801159739494324,
    0.2998274266719818,
    0.3645290732383728,
    0.5194957256317139,
    0.44018879532814026,
    0.3039766252040863,
    0.134026437997818,
    0.2518078684806824,
    0.27277693152427673,
    0.2856889069080353,
    0.37195920944213867,
    0.33869174122810364,
    0.28922808170318604,
    0.21419335901737213,
    0.15375128388404846,
    0.14323580265045166,
    0.2591710388660431,
    0.3155667781829834,
    0.1581096202135086,
    0.03133515641093254,
    0.02754911594092846,
    0.0920761227607727,
    0.07287399470806122,
    0.1777712106704712,
    0.14224393665790558,
    0.07072798907756805,
    0.07417220622301102,
    0.12744660675525665,
    0.15592175722122192,
    0.38683080673217773,
    0.23362356424331665,
    0.03587287664413452,
    0.09484347701072693,
    0.053545981645584106,
    0.09748715162277222,
    0.1027718186378479,
    0.13648603856563568,
    0.17749464511871338,
    0.27050459384918213,
    0.3158336877822876,
    0.4077228307723999,
    0.02845340594649315,
    0.04300983250141144,
    0.06946616619825363,
    0.06141361594200134,
    0.1770315021276474,
    0.1310911774635315,
    0.034509170800447464,
    0.19869519770145416,
    0.19975094497203827,
    0.20248571038246155,
    0.34042537212371826,
    0.3055509626865387,
    0.10430629551410675,
    0.5393628478050232,
    0.44192951917648315,
    0.30272895097732544,
    0.18880639970302582,
    0.2670098841190338,
    0.2736601233482361,
    0.34266945719718933,
    0.37335896492004395,
    0.4380525052547455,
    0.7543494701385498,
    0.5720020532608032,
    0.4103267788887024,
    0.5258591771125793,
    0.9595488905906677,
    0.9482362270355225,
    0.3602493703365326,
    0.18637578189373016,
    0.30830028653144836,
    0.42606040835380554,
    0.4296807646751404,
    0.4780668318271637,
    0.26200464367866516,
    0.3597124218940735,
    0.21782150864601135,
    0.10076791048049927,
    0.11471395194530487,
    0.15163299441337585,
    0.2101036161184311,
    0.08711621165275574,
    0.016565021127462387,
    0.014461020939052105,
    0.061732277274131775,
    0.052358344197273254,
    0.10165270417928696,
    0.10118237882852554,
    0.043876003473997116,
    0.0440673828125,
    0.07471630722284317,
    0.08969150483608246,
    0.19944483041763306,
    0.11805488169193268,
    0.029665756970643997,
    0.08234421908855438,
    0.05152739956974983,
    0.05540166050195694,
    0.08048810064792633,
    0.10820206254720688,
    0.12080006301403046,
    0.17827458679676056,
    0.2045285701751709,
    0.2519543766975403,
    0.026259610429406166,
    0.026461653411388397,
    0.056122470647096634,
    0.04429426044225693,
    0.1513517051935196,
    0.10531070083379745,
    0.020167483016848564,
    0.13854925334453583,
    0.1387423723936081,
    0.0979401022195816,
    0.210169717669487,
    0.17163659632205963,
    0.04941195994615555,
    0.40391916036605835,
    0.2861393690109253,
    0.16040346026420593,
    0.15799875557422638,
    0.14887696504592896,
    0.17082376778125763,
    0.1792038530111313,
    0.2298823595046997,
    0.2339296191930771,
    0.39647096395492554,
    0.3268227279186249,
    0.26300933957099915,
    0.26794007420539856,
    0.6509928703308105,
    0.46754446625709534,
    0.24840588867664337,
    0.1243930459022522,
    0.15513843297958374,
    0.3456067740917206,
    0.18939189612865448,
    0.29525047540664673,
    0.10608547925949097,
    0.17501802742481232,
    0.1384623497724533,
    0.25504350662231445,
    0.2195364087820053,
    0.40944671630859375,
    0.5891796350479126,
    0.20033493638038635,
    0.054412901401519775,
    0.04006075859069824,
    0.1630380004644394,
    0.1775687336921692,
    0.3761509656906128,
    0.33992254734039307,
    0.08218330889940262,
    0.10238075256347656,
    0.23800809681415558,
    0.1909479945898056,
    0.43787598609924316,
    0.409349262714386,
    0.053061921149492264,
    0.21910086274147034,
    0.15118126571178436,
    0.19208577275276184,
    0.1830669492483139,
    0.26092034578323364,
    0.3032285273075104,
    0.5761226415634155,
    0.46924278140068054,
    0.765961766242981,
    0.07044250518083572,
    0.06784286350011826,
    0.10972539335489273,
    0.13893963396549225,
    0.2954002022743225,
    0.4471021890640259,
    0.06680184602737427,
    0.43122467398643494,
    0.3659035265445709,
    0.32955610752105713,
    0.4558139741420746,
    0.6682863235473633,
    0.14381542801856995,
    0.8462039232254028,
    0.9488045573234558,
    0.7793338298797607,
    0.2774145305156708,
    0.32082387804985046,
    0.3971855640411377,
    0.3871537148952484,
    0.577448844909668,
    0.5667567849159241,
    0.8610913157463074,
    0.8501058220863342,
    0.579505443572998,
    0.6669479012489319,
    1.1722244024276733,
    1.1171419620513916,
    0.5879417061805725,
    0.18564960360527039,
    0.5795981884002686,
    0.6350172162055969,
    0.7940444350242615,
    0.5403954982757568,
    0.6288747787475586,
    0.7300077676773071,
    0.43985170125961304,
    0.11710608750581741,
    0.08579045534133911,
    0.15954913198947906,
    0.16976121068000793,
    0.0782422199845314,
    0.018981926143169403,
    0.018424812704324722,
    0.03537691757082939,
    0.044692814350128174,
    0.1020827367901802,
    0.09987030923366547,
    0.03250458836555481,
    0.04082746058702469,
    0.0743081122636795,
    0.07791806012392044,
    0.09494872391223907,
    0.10996583104133606,
    0.020402362570166588,
    0.12827906012535095,
    0.053019531071186066,
    0.05935300141572952,
    0.0800868570804596,
    0.07863558083772659,
    0.08810126036405563,
    0.1370214968919754,
    0.1521625518798828,
    0.17642852663993835,
    0.03172490373253822,
    0.024540092796087265,
    0.052164893597364426,
    0.054626066237688065,
    0.1010933369398117,
    0.12099349498748779,
    0.02128438465297222,
    0.19125665724277496,
    0.1319749355316162,
    0.09325084090232849,
    0.11303439736366272,
    0.17459915578365326,
    0.05762166529893875,
    0.31903666257858276,
    0.23526301980018616,
    0.23219773173332214,
    0.11285398155450821,
    0.12283883988857269,
    0.12674938142299652,
    0.16505300998687744,
    0.17360901832580566,
    0.26629137992858887,
    0.23752211034297943,
    0.2679111957550049,
    0.22046469151973724,
    0.19495496153831482,
    0.4896584451198578,
    0.40069928765296936,
    0.206748366355896,
    0.09078589081764221,
    0.1501675844192505,
    0.20779451727867126,
    0.16927237808704376,
    0.19895349442958832,
    0.30905357003211975,
    0.28842654824256897,
    0.18007129430770874
  ],